dislivello, alzata, pedata, numero alzate, rapporto, sviluppo
15.5, 15.5, 31, 1, 62, 0
15.55, 15.55, 30.9, 1, 62, 0
15.6, 15.6, 30.8, 1, 62, 0
15.65, 15.65, 30.7, 1, 62, 0
15.7, 15.7, 30.6, 1, 62, 0
15.75, 15.75, 30.5, 1, 62, 0
15.8, 15.8, 30.4, 1, 62, 0
15.85, 15.85, 30.3, 1, 62, 0
15.9, 15.9, 30.2, 1, 62, 0
15.95, 15.95, 30.1, 1, 62, 0
16, 16, 30, 1, 62, 0
16.05, 16.05, 29.9, 1, 62, 0
16.1, 16.1, 29.8, 1, 62, 0
16.15, 16.15, 29.7, 1, 62, 0
16.2, 16.2, 29.6, 1, 62, 0
16.25, 16.25, 29.5, 1, 62, 0
16.3, 16.3, 29.4, 1, 62, 0
16.35, 16.35, 29.3, 1, 62, 0
16.4, 16.4, 29.2, 1, 62, 0
16.45, 16.45, 29.1, 1, 62, 0
16.5, 16.5, 29, 1, 62, 0
16.55, 16.55, 28.9, 1, 62, 0
16.6, 16.6, 28.8, 1, 62, 0
16.65, 16.65, 28.7, 1, 62, 0
16.7, 16.7, 28.6, 1, 62, 0
16.75, 16.75, 28.5, 1, 62, 0
16.8, 16.8, 28.4, 1, 62, 0
16.85, 16.85, 28.3, 1, 62, 0
16.9, 16.9, 28.2, 1, 62, 0
16.95, 16.95, 28.1, 1, 62, 0
17, 17, 28, 1, 62, 0
17.05, 17.05, 27.9, 1, 62, 0
17.1, 17.1, 27.8, 1, 62, 0
17.15, 17.15, 27.7, 1, 62, 0
17.2, 17.2, 27.6, 1, 62, 0
17.25, 17.25, 27.5, 1, 62, 0
17.3, 17.3, 27.4, 1, 62, 0
17.35, 17.35, 27.3, 1, 62, 0
17.4, 17.4, 27.2, 1, 62, 0
17.45, 17.45, 27.1, 1, 62, 0
17.5, 17.5, 27, 1, 62, 0
17.55, 17.55, 26.9, 1, 62, 0
17.6, 17.6, 26.8, 1, 62, 0
17.65, 17.65, 26.7, 1, 62, 0
17.7, 17.7, 26.6, 1, 62, 0
17.75, 17.75, 26.5, 1, 62, 0
17.8, 17.8, 26.4, 1, 62, 0
17.85, 17.85, 26.3, 1, 62, 0
17.9, 17.9, 26.2, 1, 62, 0
17.95, 17.95, 26.1, 1, 62, 0
18, 18, 26, 1, 62, 0
18.05, 18.05, 25.9, 1, 62, 0
18.1, 18.1, 25.8, 1, 62, 0
18.15, 18.15, 25.7, 1, 62, 0
18.2, 18.2, 25.6, 1, 62, 0
18.25, 18.25, 25.5, 1, 62, 0
18.3, 18.3, 25.4, 1, 62, 0
18.35, 18.35, 25.3, 1, 62, 0
18.4, 18.4, 25.2, 1, 62, 0
18.45, 18.45, 25.1, 1, 62, 0
18.5, 18.5, 25, 1, 62, 0
31, 15.5, 31, 2, 62, 31
31.1, 15.55, 30.9, 2, 62, 30.9
31.2, 15.6, 30.8, 2, 62, 30.8
31.3, 15.65, 30.7, 2, 62, 30.7
31.4, 15.7, 30.6, 2, 62, 30.6
31.5, 15.75, 30.5, 2, 62, 30.5
31.6, 15.8, 30.4, 2, 62, 30.4
31.7, 15.85, 30.3, 2, 62, 30.3
31.8, 15.9, 30.2, 2, 62, 30.2
31.9, 15.95, 30.1, 2, 62, 30.1
32, 16, 30, 2, 62, 30
32.1, 16.05, 29.9, 2, 62, 29.9
32.2, 16.1, 29.8, 2, 62, 29.8
32.3, 16.15, 29.7, 2, 62, 29.7
32.4, 16.2, 29.6, 2, 62, 29.6
32.5, 16.25, 29.5, 2, 62, 29.5
32.6, 16.3, 29.4, 2, 62, 29.4
32.7, 16.35, 29.3, 2, 62, 29.3
32.8, 16.4, 29.2, 2, 62, 29.2
32.9, 16.45, 29.1, 2, 62, 29.1
33, 16.5, 29, 2, 62, 29
33.1, 16.55, 28.9, 2, 62, 28.9
33.2, 16.6, 28.8, 2, 62, 28.8
33.3, 16.65, 28.7, 2, 62, 28.7
33.4, 16.7, 28.6, 2, 62, 28.6
33.5, 16.75, 28.5, 2, 62, 28.5
33.6, 16.8, 28.4, 2, 62, 28.4
33.7, 16.85, 28.3, 2, 62, 28.3
33.8, 16.9, 28.2, 2, 62, 28.2
33.9, 16.95, 28.1, 2, 62, 28.1
34, 17, 28, 2, 62, 28
34.1, 17.05, 27.9, 2, 62, 27.9
34.2, 17.1, 27.8, 2, 62, 27.8
34.3, 17.15, 27.7, 2, 62, 27.7
34.4, 17.2, 27.6, 2, 62, 27.6
34.5, 17.25, 27.5, 2, 62, 27.5
34.6, 17.3, 27.4, 2, 62, 27.4
34.7, 17.35, 27.3, 2, 62, 27.3
34.8, 17.4, 27.2, 2, 62, 27.2
34.9, 17.45, 27.1, 2, 62, 27.1
35, 17.5, 27, 2, 62, 27
35.1, 17.55, 26.9, 2, 62, 26.9
35.2, 17.6, 26.8, 2, 62, 26.8
35.3, 17.65, 26.7, 2, 62, 26.7
35.4, 17.7, 26.6, 2, 62, 26.6
35.5, 17.75, 26.5, 2, 62, 26.5
35.6, 17.8, 26.4, 2, 62, 26.4
35.7, 17.85, 26.3, 2, 62, 26.3
35.8, 17.9, 26.2, 2, 62, 26.2
35.9, 17.95, 26.1, 2, 62, 26.1
36, 18, 26, 2, 62, 26
36.1, 18.05, 25.9, 2, 62, 25.9
36.2, 18.1, 25.8, 2, 62, 25.8
36.3, 18.15, 25.7, 2, 62, 25.7
36.4, 18.2, 25.6, 2, 62, 25.6
36.5, 18.25, 25.5, 2, 62, 25.5
36.6, 18.3, 25.4, 2, 62, 25.4
36.7, 18.35, 25.3, 2, 62, 25.3
36.8, 18.4, 25.2, 2, 62, 25.2
36.9, 18.45, 25.1, 2, 62, 25.1
37, 18.5, 25, 2, 62, 25
46.5, 15.5, 31, 3, 62, 62
46.65, 15.55, 30.9, 3, 62, 61.8
46.8, 15.6, 30.8, 3, 62, 61.6
46.95, 15.65, 30.7, 3, 62, 61.4
47.1, 15.7, 30.6, 3, 62, 61.2
47.25, 15.75, 30.5, 3, 62, 61
47.4, 15.8, 30.4, 3, 62, 60.8
47.55, 15.85, 30.3, 3, 62, 60.6
47.7, 15.9, 30.2, 3, 62, 60.4
47.85, 15.95, 30.1, 3, 62, 60.2
48, 16, 30, 3, 62, 60
48.15, 16.05, 29.9, 3, 62, 59.8
48.3, 16.1, 29.8, 3, 62, 59.6
48.45, 16.15, 29.7, 3, 62, 59.4
48.6, 16.2, 29.6, 3, 62, 59.2
48.75, 16.25, 29.5, 3, 62, 59
48.9, 16.3, 29.4, 3, 62, 58.8
49.05, 16.35, 29.3, 3, 62, 58.6
49.2, 16.4, 29.2, 3, 62, 58.4
49.35, 16.45, 29.1, 3, 62, 58.2
49.5, 16.5, 29, 3, 62, 58
49.65, 16.55, 28.9, 3, 62, 57.8
49.8, 16.6, 28.8, 3, 62, 57.6
49.95, 16.65, 28.7, 3, 62, 57.4
50.1, 16.7, 28.6, 3, 62, 57.2
50.25, 16.75, 28.5, 3, 62, 57
50.4, 16.8, 28.4, 3, 62, 56.8
50.55, 16.85, 28.3, 3, 62, 56.6
50.7, 16.9, 28.2, 3, 62, 56.4
50.85, 16.95, 28.1, 3, 62, 56.2
51, 17, 28, 3, 62, 56
51.15, 17.05, 27.9, 3, 62, 55.8
51.3, 17.1, 27.8, 3, 62, 55.6
51.45, 17.15, 27.7, 3, 62, 55.4
51.6, 17.2, 27.6, 3, 62, 55.2
51.75, 17.25, 27.5, 3, 62, 55
51.9, 17.3, 27.4, 3, 62, 54.8
52.05, 17.35, 27.3, 3, 62, 54.6
52.2, 17.4, 27.2, 3, 62, 54.4
52.35, 17.45, 27.1, 3, 62, 54.2
52.5, 17.5, 27, 3, 62, 54
52.65, 17.55, 26.9, 3, 62, 53.8
52.8, 17.6, 26.8, 3, 62, 53.6
52.95, 17.65, 26.7, 3, 62, 53.4
53.1, 17.7, 26.6, 3, 62, 53.2
53.25, 17.75, 26.5, 3, 62, 53
53.4, 17.8, 26.4, 3, 62, 52.8
53.55, 17.85, 26.3, 3, 62, 52.6
53.7, 17.9, 26.2, 3, 62, 52.4
53.85, 17.95, 26.1, 3, 62, 52.2
54, 18, 26, 3, 62, 52
54.15, 18.05, 25.9, 3, 62, 51.8
54.3, 18.1, 25.8, 3, 62, 51.6
54.45, 18.15, 25.7, 3, 62, 51.4
54.6, 18.2, 25.6, 3, 62, 51.2
54.75, 18.25, 25.5, 3, 62, 51
54.9, 18.3, 25.4, 3, 62, 50.8
55.05, 18.35, 25.3, 3, 62, 50.6
55.2, 18.4, 25.2, 3, 62, 50.4
55.35, 18.45, 25.1, 3, 62, 50.2
55.5, 18.5, 25, 3, 62, 50
62, 15.5, 31, 4, 62, 93
62.2, 15.55, 30.9, 4, 62, 92.7
62.4, 15.6, 30.8, 4, 62, 92.4
62.6, 15.65, 30.7, 4, 62, 92.1
62.8, 15.7, 30.6, 4, 62, 91.8
63, 15.75, 30.5, 4, 62, 91.5
63.2, 15.8, 30.4, 4, 62, 91.2
63.4, 15.85, 30.3, 4, 62, 90.9
63.6, 15.9, 30.2, 4, 62, 90.6
63.8, 15.95, 30.1, 4, 62, 90.3
64, 16, 30, 4, 62, 90
64.2, 16.05, 29.9, 4, 62, 89.7
64.4, 16.1, 29.8, 4, 62, 89.4
64.6, 16.15, 29.7, 4, 62, 89.1
64.8, 16.2, 29.6, 4, 62, 88.8
65, 16.25, 29.5, 4, 62, 88.5
65.2, 16.3, 29.4, 4, 62, 88.2
65.4, 16.35, 29.3, 4, 62, 87.9
65.6, 16.4, 29.2, 4, 62, 87.6
65.8, 16.45, 29.1, 4, 62, 87.3
66, 16.5, 29, 4, 62, 87
66.2, 16.55, 28.9, 4, 62, 86.7
66.4, 16.6, 28.8, 4, 62, 86.4
66.6, 16.65, 28.7, 4, 62, 86.1
66.8, 16.7, 28.6, 4, 62, 85.8
67, 16.75, 28.5, 4, 62, 85.5
67.2, 16.8, 28.4, 4, 62, 85.2
67.4, 16.85, 28.3, 4, 62, 84.9
67.6, 16.9, 28.2, 4, 62, 84.6
67.8, 16.95, 28.1, 4, 62, 84.3
68, 17, 28, 4, 62, 84
68.2, 17.05, 27.9, 4, 62, 83.7
68.4, 17.1, 27.8, 4, 62, 83.4
68.6, 17.15, 27.7, 4, 62, 83.1
68.8, 17.2, 27.6, 4, 62, 82.8
69, 17.25, 27.5, 4, 62, 82.5
69.2, 17.3, 27.4, 4, 62, 82.2
69.4, 17.35, 27.3, 4, 62, 81.9
69.6, 17.4, 27.2, 4, 62, 81.6
69.8, 17.45, 27.1, 4, 62, 81.3
70, 17.5, 27, 4, 62, 81
70.2, 17.55, 26.9, 4, 62, 80.7
70.4, 17.6, 26.8, 4, 62, 80.4
70.6, 17.65, 26.7, 4, 62, 80.1
70.8, 17.7, 26.6, 4, 62, 79.8
71, 17.75, 26.5, 4, 62, 79.5
71.2, 17.8, 26.4, 4, 62, 79.2
71.4, 17.85, 26.3, 4, 62, 78.9
71.6, 17.9, 26.2, 4, 62, 78.6
71.8, 17.95, 26.1, 4, 62, 78.3
72, 18, 26, 4, 62, 78
72.2, 18.05, 25.9, 4, 62, 77.7
72.4, 18.1, 25.8, 4, 62, 77.4
72.6, 18.15, 25.7, 4, 62, 77.1
72.8, 18.2, 25.6, 4, 62, 76.8
73, 18.25, 25.5, 4, 62, 76.5
73.2, 18.3, 25.4, 4, 62, 76.2
73.4, 18.35, 25.3, 4, 62, 75.9
73.6, 18.4, 25.2, 4, 62, 75.6
73.8, 18.45, 25.1, 4, 62, 75.3
74, 18.5, 25, 4, 62, 75
77.5, 15.5, 31, 5, 62, 124
77.75, 15.55, 30.9, 5, 62, 123.6
78, 15.6, 30.8, 5, 62, 123.2
78.25, 15.65, 30.7, 5, 62, 122.8
78.5, 15.7, 30.6, 5, 62, 122.4
78.75, 15.75, 30.5, 5, 62, 122
79, 15.8, 30.4, 5, 62, 121.6
79.25, 15.85, 30.3, 5, 62, 121.2
79.5, 15.9, 30.2, 5, 62, 120.8
79.75, 15.95, 30.1, 5, 62, 120.4
80, 16, 30, 5, 62, 120
80.25, 16.05, 29.9, 5, 62, 119.6
80.5, 16.1, 29.8, 5, 62, 119.2
80.75, 16.15, 29.7, 5, 62, 118.8
81, 16.2, 29.6, 5, 62, 118.4
81.25, 16.25, 29.5, 5, 62, 118
81.5, 16.3, 29.4, 5, 62, 117.6
81.75, 16.35, 29.3, 5, 62, 117.2
82, 16.4, 29.2, 5, 62, 116.8
82.25, 16.45, 29.1, 5, 62, 116.4
82.5, 16.5, 29, 5, 62, 116
82.75, 16.55, 28.9, 5, 62, 115.6
83, 16.6, 28.8, 5, 62, 115.2
83.25, 16.65, 28.7, 5, 62, 114.8
83.5, 16.7, 28.6, 5, 62, 114.4
83.75, 16.75, 28.5, 5, 62, 114
84, 16.8, 28.4, 5, 62, 113.6
84.25, 16.85, 28.3, 5, 62, 113.2
84.5, 16.9, 28.2, 5, 62, 112.8
84.75, 16.95, 28.1, 5, 62, 112.4
85, 17, 28, 5, 62, 112
85.25, 17.05, 27.9, 5, 62, 111.6
85.5, 17.1, 27.8, 5, 62, 111.2
85.75, 17.15, 27.7, 5, 62, 110.8
86, 17.2, 27.6, 5, 62, 110.4
86.25, 17.25, 27.5, 5, 62, 110
86.5, 17.3, 27.4, 5, 62, 109.6
86.75, 17.35, 27.3, 5, 62, 109.2
87, 17.4, 27.2, 5, 62, 108.8
87.25, 17.45, 27.1, 5, 62, 108.4
87.5, 17.5, 27, 5, 62, 108
87.75, 17.55, 26.9, 5, 62, 107.6
88, 17.6, 26.8, 5, 62, 107.2
88.25, 17.65, 26.7, 5, 62, 106.8
88.5, 17.7, 26.6, 5, 62, 106.4
88.75, 17.75, 26.5, 5, 62, 106
89, 17.8, 26.4, 5, 62, 105.6
89.25, 17.85, 26.3, 5, 62, 105.2
89.5, 17.9, 26.2, 5, 62, 104.8
89.75, 17.95, 26.1, 5, 62, 104.4
90, 18, 26, 5, 62, 104
90.25, 18.05, 25.9, 5, 62, 103.6
90.5, 18.1, 25.8, 5, 62, 103.2
90.75, 18.15, 25.7, 5, 62, 102.8
91, 18.2, 25.6, 5, 62, 102.4
91.25, 18.25, 25.5, 5, 62, 102
91.5, 18.3, 25.4, 5, 62, 101.6
91.75, 18.35, 25.3, 5, 62, 101.2
92, 18.4, 25.2, 5, 62, 100.8
92.25, 18.45, 25.1, 5, 62, 100.4
92.5, 18.5, 25, 5, 62, 100
93, 15.5, 31, 6, 62, 155
93.3, 15.55, 30.9, 6, 62, 154.5
93.6, 15.6, 30.8, 6, 62, 154
93.9, 15.65, 30.7, 6, 62, 153.5
94.2, 15.7, 30.6, 6, 62, 153
94.5, 15.75, 30.5, 6, 62, 152.5
94.8, 15.8, 30.4, 6, 62, 152
95.1, 15.85, 30.3, 6, 62, 151.5
95.4, 15.9, 30.2, 6, 62, 151
95.7, 15.95, 30.1, 6, 62, 150.5
96, 16, 30, 6, 62, 150
96.3, 16.05, 29.9, 6, 62, 149.5
96.6, 16.1, 29.8, 6, 62, 149
96.9, 16.15, 29.7, 6, 62, 148.5
97.2, 16.2, 29.6, 6, 62, 148
97.5, 16.25, 29.5, 6, 62, 147.5
97.8, 16.3, 29.4, 6, 62, 147
98.1, 16.35, 29.3, 6, 62, 146.5
98.4, 16.4, 29.2, 6, 62, 146
98.7, 16.45, 29.1, 6, 62, 145.5
99, 16.5, 29, 6, 62, 145
99.3, 16.55, 28.9, 6, 62, 144.5
99.6, 16.6, 28.8, 6, 62, 144
99.9, 16.65, 28.7, 6, 62, 143.5
100.2, 16.7, 28.6, 6, 62, 143
100.5, 16.75, 28.5, 6, 62, 142.5
100.8, 16.8, 28.4, 6, 62, 142
101.1, 16.85, 28.3, 6, 62, 141.5
101.4, 16.9, 28.2, 6, 62, 141
101.7, 16.95, 28.1, 6, 62, 140.5
102, 17, 28, 6, 62, 140
102.3, 17.05, 27.9, 6, 62, 139.5
102.6, 17.1, 27.8, 6, 62, 139
102.9, 17.15, 27.7, 6, 62, 138.5
103.2, 17.2, 27.6, 6, 62, 138
103.5, 17.25, 27.5, 6, 62, 137.5
103.8, 17.3, 27.4, 6, 62, 137
104.1, 17.35, 27.3, 6, 62, 136.5
104.4, 17.4, 27.2, 6, 62, 136
104.7, 17.45, 27.1, 6, 62, 135.5
105, 17.5, 27, 6, 62, 135
105.3, 17.55, 26.9, 6, 62, 134.5
105.6, 17.6, 26.8, 6, 62, 134
105.9, 17.65, 26.7, 6, 62, 133.5
106.2, 17.7, 26.6, 6, 62, 133
106.5, 17.75, 26.5, 6, 62, 132.5
106.8, 17.8, 26.4, 6, 62, 132
107.1, 17.85, 26.3, 6, 62, 131.5
107.4, 17.9, 26.2, 6, 62, 131
107.7, 17.95, 26.1, 6, 62, 130.5
108, 18, 26, 6, 62, 130
108.3, 18.05, 25.9, 6, 62, 129.5
108.5, 15.5, 31, 7, 62, 186
108.6, 18.1, 25.8, 6, 62, 129
108.85, 15.55, 30.9, 7, 62, 185.4
108.9, 18.15, 25.7, 6, 62, 128.5
109.2, 18.2, 25.6, 6, 62, 128
109.2, 15.6, 30.8, 7, 62, 184.8
109.5, 18.25, 25.5, 6, 62, 127.5
109.55, 15.65, 30.7, 7, 62, 184.2
109.8, 18.3, 25.4, 6, 62, 127
109.9, 15.7, 30.6, 7, 62, 183.6
110.1, 18.35, 25.3, 6, 62, 126.5
110.25, 15.75, 30.5, 7, 62, 183
110.4, 18.4, 25.2, 6, 62, 126
110.6, 15.8, 30.4, 7, 62, 182.4
110.7, 18.45, 25.1, 6, 62, 125.5
110.95, 15.85, 30.3, 7, 62, 181.8
111, 18.5, 25, 6, 62, 125
111.3, 15.9, 30.2, 7, 62, 181.2
111.65, 15.95, 30.1, 7, 62, 180.6
112, 16, 30, 7, 62, 180
112.35, 16.05, 29.9, 7, 62, 179.4
112.7, 16.1, 29.8, 7, 62, 178.8
113.05, 16.15, 29.7, 7, 62, 178.2
113.4, 16.2, 29.6, 7, 62, 177.6
113.75, 16.25, 29.5, 7, 62, 177
114.1, 16.3, 29.4, 7, 62, 176.4
114.45, 16.35, 29.3, 7, 62, 175.8
114.8, 16.4, 29.2, 7, 62, 175.2
115.15, 16.45, 29.1, 7, 62, 174.6
115.5, 16.5, 29, 7, 62, 174
115.85, 16.55, 28.9, 7, 62, 173.4
116.2, 16.6, 28.8, 7, 62, 172.8
116.55, 16.65, 28.7, 7, 62, 172.2
116.9, 16.7, 28.6, 7, 62, 171.6
117.25, 16.75, 28.5, 7, 62, 171
117.6, 16.8, 28.4, 7, 62, 170.4
117.95, 16.85, 28.3, 7, 62, 169.8
118.3, 16.9, 28.2, 7, 62, 169.2
118.65, 16.95, 28.1, 7, 62, 168.6
119, 17, 28, 7, 62, 168
119.35, 17.05, 27.9, 7, 62, 167.4
119.7, 17.1, 27.8, 7, 62, 166.8
120.05, 17.15, 27.7, 7, 62, 166.2
120.4, 17.2, 27.6, 7, 62, 165.6
120.75, 17.25, 27.5, 7, 62, 165
121.1, 17.3, 27.4, 7, 62, 164.4
121.45, 17.35, 27.3, 7, 62, 163.8
121.8, 17.4, 27.2, 7, 62, 163.2
122.15, 17.45, 27.1, 7, 62, 162.6
122.5, 17.5, 27, 7, 62, 162
122.85, 17.55, 26.9, 7, 62, 161.4
123.2, 17.6, 26.8, 7, 62, 160.8
123.55, 17.65, 26.7, 7, 62, 160.2
123.9, 17.7, 26.6, 7, 62, 159.6
124, 15.5, 31, 8, 62, 217
124.25, 17.75, 26.5, 7, 62, 159
124.4, 15.55, 30.9, 8, 62, 216.3
124.6, 17.8, 26.4, 7, 62, 158.4
124.8, 15.6, 30.8, 8, 62, 215.6
124.95, 17.85, 26.3, 7, 62, 157.8
125.2, 15.65, 30.7, 8, 62, 214.9
125.3, 17.9, 26.2, 7, 62, 157.2
125.6, 15.7, 30.6, 8, 62, 214.2
125.65, 17.95, 26.1, 7, 62, 156.6
126, 15.75, 30.5, 8, 62, 213.5
126, 18, 26, 7, 62, 156
126.35, 18.05, 25.9, 7, 62, 155.4
126.4, 15.8, 30.4, 8, 62, 212.8
126.7, 18.1, 25.8, 7, 62, 154.8
126.8, 15.85, 30.3, 8, 62, 212.1
127.05, 18.15, 25.7, 7, 62, 154.2
127.2, 15.9, 30.2, 8, 62, 211.4
127.4, 18.2, 25.6, 7, 62, 153.6
127.6, 15.95, 30.1, 8, 62, 210.7
127.75, 18.25, 25.5, 7, 62, 153
128, 16, 30, 8, 62, 210
128.1, 18.3, 25.4, 7, 62, 152.4
128.4, 16.05, 29.9, 8, 62, 209.3
128.45, 18.35, 25.3, 7, 62, 151.8
128.8, 16.1, 29.8, 8, 62, 208.6
128.8, 18.4, 25.2, 7, 62, 151.2
129.15, 18.45, 25.1, 7, 62, 150.6
129.2, 16.15, 29.7, 8, 62, 207.9
129.5, 18.5, 25, 7, 62, 150
129.6, 16.2, 29.6, 8, 62, 207.2
130, 16.25, 29.5, 8, 62, 206.5
130.4, 16.3, 29.4, 8, 62, 205.8
130.8, 16.35, 29.3, 8, 62, 205.1
131.2, 16.4, 29.2, 8, 62, 204.4
131.6, 16.45, 29.1, 8, 62, 203.7
132, 16.5, 29, 8, 62, 203
132.4, 16.55, 28.9, 8, 62, 202.3
132.8, 16.6, 28.8, 8, 62, 201.6
133.2, 16.65, 28.7, 8, 62, 200.9
133.6, 16.7, 28.6, 8, 62, 200.2
134, 16.75, 28.5, 8, 62, 199.5
134.4, 16.8, 28.4, 8, 62, 198.8
134.8, 16.85, 28.3, 8, 62, 198.1
135.2, 16.9, 28.2, 8, 62, 197.4
135.6, 16.95, 28.1, 8, 62, 196.7
136, 17, 28, 8, 62, 196
136.4, 17.05, 27.9, 8, 62, 195.3
136.8, 17.1, 27.8, 8, 62, 194.6
137.2, 17.15, 27.7, 8, 62, 193.9
137.6, 17.2, 27.6, 8, 62, 193.2
138, 17.25, 27.5, 8, 62, 192.5
138.4, 17.3, 27.4, 8, 62, 191.8
138.8, 17.35, 27.3, 8, 62, 191.1
139.2, 17.4, 27.2, 8, 62, 190.4
139.5, 15.5, 31, 9, 62, 248
139.6, 17.45, 27.1, 8, 62, 189.7
139.95, 15.55, 30.9, 9, 62, 247.2
140, 17.5, 27, 8, 62, 189
140.4, 15.6, 30.8, 9, 62, 246.4
140.4, 17.55, 26.9, 8, 62, 188.3
140.8, 17.6, 26.8, 8, 62, 187.6
140.85, 15.65, 30.7, 9, 62, 245.6
141.2, 17.65, 26.7, 8, 62, 186.9
141.3, 15.7, 30.6, 9, 62, 244.8
141.6, 17.7, 26.6, 8, 62, 186.2
141.75, 15.75, 30.5, 9, 62, 244
142, 17.75, 26.5, 8, 62, 185.5
142.2, 15.8, 30.4, 9, 62, 243.2
142.4, 17.8, 26.4, 8, 62, 184.8
142.65, 15.85, 30.3, 9, 62, 242.4
142.8, 17.85, 26.3, 8, 62, 184.1
143.1, 15.9, 30.2, 9, 62, 241.6
143.2, 17.9, 26.2, 8, 62, 183.4
143.55, 15.95, 30.1, 9, 62, 240.8
143.6, 17.95, 26.1, 8, 62, 182.7
144, 18, 26, 8, 62, 182
144, 16, 30, 9, 62, 240
144.4, 18.05, 25.9, 8, 62, 181.3
144.45, 16.05, 29.9, 9, 62, 239.2
144.8, 18.1, 25.8, 8, 62, 180.6
144.9, 16.1, 29.8, 9, 62, 238.4
145.2, 18.15, 25.7, 8, 62, 179.9
145.35, 16.15, 29.7, 9, 62, 237.6
145.6, 18.2, 25.6, 8, 62, 179.2
145.8, 16.2, 29.6, 9, 62, 236.8
146, 18.25, 25.5, 8, 62, 178.5
146.25, 16.25, 29.5, 9, 62, 236
146.4, 18.3, 25.4, 8, 62, 177.8
146.7, 16.3, 29.4, 9, 62, 235.2
146.8, 18.35, 25.3, 8, 62, 177.1
147.15, 16.35, 29.3, 9, 62, 234.4
147.2, 18.4, 25.2, 8, 62, 176.4
147.6, 18.45, 25.1, 8, 62, 175.7
147.6, 16.4, 29.2, 9, 62, 233.6
148, 18.5, 25, 8, 62, 175
148.05, 16.45, 29.1, 9, 62, 232.8
148.5, 16.5, 29, 9, 62, 232
148.95, 16.55, 28.9, 9, 62, 231.2
149.4, 16.6, 28.8, 9, 62, 230.4
149.85, 16.65, 28.7, 9, 62, 229.6
150.3, 16.7, 28.6, 9, 62, 228.8
150.75, 16.75, 28.5, 9, 62, 228
151.2, 16.8, 28.4, 9, 62, 227.2
151.65, 16.85, 28.3, 9, 62, 226.4
152.1, 16.9, 28.2, 9, 62, 225.6
152.55, 16.95, 28.1, 9, 62, 224.8
153, 17, 28, 9, 62, 224
153.45, 17.05, 27.9, 9, 62, 223.2
153.9, 17.1, 27.8, 9, 62, 222.4
154.35, 17.15, 27.7, 9, 62, 221.6
154.8, 17.2, 27.6, 9, 62, 220.8
155, 15.5, 31, 10, 62, 279
155.25, 17.25, 27.5, 9, 62, 220
155.5, 15.55, 30.9, 10, 62, 278.1
155.7, 17.3, 27.4, 9, 62, 219.2
156, 15.6, 30.8, 10, 62, 277.2
156.15, 17.35, 27.3, 9, 62, 218.4
156.5, 15.65, 30.7, 10, 62, 276.3
156.6, 17.4, 27.2, 9, 62, 217.6
157, 15.7, 30.6, 10, 62, 275.4
157.05, 17.45, 27.1, 9, 62, 216.8
157.5, 17.5, 27, 9, 62, 216
157.5, 15.75, 30.5, 10, 62, 274.5
157.95, 17.55, 26.9, 9, 62, 215.2
158, 15.8, 30.4, 10, 62, 273.6
158.4, 17.6, 26.8, 9, 62, 214.4
158.5, 15.85, 30.3, 10, 62, 272.7
158.85, 17.65, 26.7, 9, 62, 213.6
159, 15.9, 30.2, 10, 62, 271.8
159.3, 17.7, 26.6, 9, 62, 212.8
159.5, 15.95, 30.1, 10, 62, 270.9
159.75, 17.75, 26.5, 9, 62, 212
160, 16, 30, 10, 62, 270
160.2, 17.8, 26.4, 9, 62, 211.2
160.5, 16.05, 29.9, 10, 62, 269.1
160.65, 17.85, 26.3, 9, 62, 210.4
161, 16.1, 29.8, 10, 62, 268.2
161.1, 17.9, 26.2, 9, 62, 209.6
161.5, 16.15, 29.7, 10, 62, 267.3
161.55, 17.95, 26.1, 9, 62, 208.8
162, 16.2, 29.6, 10, 62, 266.4
162, 18, 26, 9, 62, 208
162.45, 18.05, 25.9, 9, 62, 207.2
162.5, 16.25, 29.5, 10, 62, 265.5
162.9, 18.1, 25.8, 9, 62, 206.4
163, 16.3, 29.4, 10, 62, 264.6
163.35, 18.15, 25.7, 9, 62, 205.6
163.5, 16.35, 29.3, 10, 62, 263.7
163.8, 18.2, 25.6, 9, 62, 204.8
164, 16.4, 29.2, 10, 62, 262.8
164.25, 18.25, 25.5, 9, 62, 204
164.5, 16.45, 29.1, 10, 62, 261.9
164.7, 18.3, 25.4, 9, 62, 203.2
165, 16.5, 29, 10, 62, 261
165.15, 18.35, 25.3, 9, 62, 202.4
165.5, 16.55, 28.9, 10, 62, 260.1
165.6, 18.4, 25.2, 9, 62, 201.6
166, 16.6, 28.8, 10, 62, 259.2
166.05, 18.45, 25.1, 9, 62, 200.8
166.5, 18.5, 25, 9, 62, 200
166.5, 16.65, 28.7, 10, 62, 258.3
167, 16.7, 28.6, 10, 62, 257.4
167.5, 16.75, 28.5, 10, 62, 256.5
168, 16.8, 28.4, 10, 62, 255.6
168.5, 16.85, 28.3, 10, 62, 254.7
169, 16.9, 28.2, 10, 62, 253.8
169.5, 16.95, 28.1, 10, 62, 252.9
170, 17, 28, 10, 62, 252
170.5, 15.5, 31, 11, 62, 310
170.5, 17.05, 27.9, 10, 62, 251.1
171, 17.1, 27.8, 10, 62, 250.2
171.05, 15.55, 30.9, 11, 62, 309
171.5, 17.15, 27.7, 10, 62, 249.3
171.6, 15.6, 30.8, 11, 62, 308
172, 17.2, 27.6, 10, 62, 248.4
172.15, 15.65, 30.7, 11, 62, 307
172.5, 17.25, 27.5, 10, 62, 247.5
172.7, 15.7, 30.6, 11, 62, 306
173, 17.3, 27.4, 10, 62, 246.6
173.25, 15.75, 30.5, 11, 62, 305
173.5, 17.35, 27.3, 10, 62, 245.7
173.8, 15.8, 30.4, 11, 62, 304
174, 17.4, 27.2, 10, 62, 244.8
174.35, 15.85, 30.3, 11, 62, 303
174.5, 17.45, 27.1, 10, 62, 243.9
174.9, 15.9, 30.2, 11, 62, 302
175, 17.5, 27, 10, 62, 243
175.45, 15.95, 30.1, 11, 62, 301
175.5, 17.55, 26.9, 10, 62, 242.1
176, 16, 30, 11, 62, 300
176, 17.6, 26.8, 10, 62, 241.2
176.5, 17.65, 26.7, 10, 62, 240.3
176.55, 16.05, 29.9, 11, 62, 299
177, 17.7, 26.6, 10, 62, 239.4
177.1, 16.1, 29.8, 11, 62, 298
177.5, 17.75, 26.5, 10, 62, 238.5
177.65, 16.15, 29.7, 11, 62, 297
178, 17.8, 26.4, 10, 62, 237.6
178.2, 16.2, 29.6, 11, 62, 296
178.5, 17.85, 26.3, 10, 62, 236.7
178.75, 16.25, 29.5, 11, 62, 295
179, 17.9, 26.2, 10, 62, 235.8
179.3, 16.3, 29.4, 11, 62, 294
179.5, 17.95, 26.1, 10, 62, 234.9
179.85, 16.35, 29.3, 11, 62, 293
180, 18, 26, 10, 62, 234
180.4, 16.4, 29.2, 11, 62, 292
180.5, 18.05, 25.9, 10, 62, 233.1
180.95, 16.45, 29.1, 11, 62, 291
181, 18.1, 25.8, 10, 62, 232.2
181.5, 18.15, 25.7, 10, 62, 231.3
181.5, 16.5, 29, 11, 62, 290
182, 18.2, 25.6, 10, 62, 230.4
182.05, 16.55, 28.9, 11, 62, 289
182.5, 18.25, 25.5, 10, 62, 229.5
182.6, 16.6, 28.8, 11, 62, 288
183, 18.3, 25.4, 10, 62, 228.6
183.15, 16.65, 28.7, 11, 62, 287
183.5, 18.35, 25.3, 10, 62, 227.7
183.7, 16.7, 28.6, 11, 62, 286
184, 18.4, 25.2, 10, 62, 226.8
184.25, 16.75, 28.5, 11, 62, 285
184.5, 18.45, 25.1, 10, 62, 225.9
184.8, 16.8, 28.4, 11, 62, 284
185, 18.5, 25, 10, 62, 225
185.35, 16.85, 28.3, 11, 62, 283
185.9, 16.9, 28.2, 11, 62, 282
186, 15.5, 31, 12, 62, 341
186.45, 16.95, 28.1, 11, 62, 281
186.6, 15.55, 30.9, 12, 62, 339.9
187, 17, 28, 11, 62, 280
187.2, 15.6, 30.8, 12, 62, 338.8
187.55, 17.05, 27.9, 11, 62, 279
187.8, 15.65, 30.7, 12, 62, 337.7
188.1, 17.1, 27.8, 11, 62, 278
188.4, 15.7, 30.6, 12, 62, 336.6
188.65, 17.15, 27.7, 11, 62, 277
189, 15.75, 30.5, 12, 62, 335.5
189.2, 17.2, 27.6, 11, 62, 276
189.6, 15.8, 30.4, 12, 62, 334.4
189.75, 17.25, 27.5, 11, 62, 275
190.2, 15.85, 30.3, 12, 62, 333.3
190.3, 17.3, 27.4, 11, 62, 274
190.8, 15.9, 30.2, 12, 62, 332.2
190.85, 17.35, 27.3, 11, 62, 273
191.4, 17.4, 27.2, 11, 62, 272
191.4, 15.95, 30.1, 12, 62, 331.1
191.95, 17.45, 27.1, 11, 62, 271
192, 16, 30, 12, 62, 330
192.5, 17.5, 27, 11, 62, 270
192.6, 16.05, 29.9, 12, 62, 328.9
193.05, 17.55, 26.9, 11, 62, 269
193.2, 16.1, 29.8, 12, 62, 327.8
193.6, 17.6, 26.8, 11, 62, 268
193.8, 16.15, 29.7, 12, 62, 326.7
194.15, 17.65, 26.7, 11, 62, 267
194.4, 16.2, 29.6, 12, 62, 325.6
194.7, 17.7, 26.6, 11, 62, 266
195, 16.25, 29.5, 12, 62, 324.5
195.25, 17.75, 26.5, 11, 62, 265
195.6, 16.3, 29.4, 12, 62, 323.4
195.8, 17.8, 26.4, 11, 62, 264
196.2, 16.35, 29.3, 12, 62, 322.3
196.35, 17.85, 26.3, 11, 62, 263
196.8, 16.4, 29.2, 12, 62, 321.2
196.9, 17.9, 26.2, 11, 62, 262
197.4, 16.45, 29.1, 12, 62, 320.1
197.45, 17.95, 26.1, 11, 62, 261
198, 16.5, 29, 12, 62, 319
198, 18, 26, 11, 62, 260
198.55, 18.05, 25.9, 11, 62, 259
198.6, 16.55, 28.9, 12, 62, 317.9
199.1, 18.1, 25.8, 11, 62, 258
199.2, 16.6, 28.8, 12, 62, 316.8
199.65, 18.15, 25.7, 11, 62, 257
199.8, 16.65, 28.7, 12, 62, 315.7
200.2, 18.2, 25.6, 11, 62, 256
200.4, 16.7, 28.6, 12, 62, 314.6
200.75, 18.25, 25.5, 11, 62, 255
201, 16.75, 28.5, 12, 62, 313.5
201.3, 18.3, 25.4, 11, 62, 254
201.5, 15.5, 31, 13, 62, 372
201.6, 16.8, 28.4, 12, 62, 312.4
201.85, 18.35, 25.3, 11, 62, 253
202.15, 15.55, 30.9, 13, 62, 370.8
202.2, 16.85, 28.3, 12, 62, 311.3
202.4, 18.4, 25.2, 11, 62, 252
202.8, 16.9, 28.2, 12, 62, 310.2
202.8, 15.6, 30.8, 13, 62, 369.6
202.95, 18.45, 25.1, 11, 62, 251
203.4, 16.95, 28.1, 12, 62, 309.1
203.45, 15.65, 30.7, 13, 62, 368.4
203.5, 18.5, 25, 11, 62, 250
204, 17, 28, 12, 62, 308
204.1, 15.7, 30.6, 13, 62, 367.2
204.6, 17.05, 27.9, 12, 62, 306.9
204.75, 15.75, 30.5, 13, 62, 366
205.2, 17.1, 27.8, 12, 62, 305.8
205.4, 15.8, 30.4, 13, 62, 364.8
205.8, 17.15, 27.7, 12, 62, 304.7
206.05, 15.85, 30.3, 13, 62, 363.6
206.4, 17.2, 27.6, 12, 62, 303.6
206.7, 15.9, 30.2, 13, 62, 362.4
207, 17.25, 27.5, 12, 62, 302.5
207.35, 15.95, 30.1, 13, 62, 361.2
207.6, 17.3, 27.4, 12, 62, 301.4
208, 16, 30, 13, 62, 360
208.2, 17.35, 27.3, 12, 62, 300.3
208.65, 16.05, 29.9, 13, 62, 358.8
208.8, 17.4, 27.2, 12, 62, 299.2
209.3, 16.1, 29.8, 13, 62, 357.6
209.4, 17.45, 27.1, 12, 62, 298.1
209.95, 16.15, 29.7, 13, 62, 356.4
210, 17.5, 27, 12, 62, 297
210.6, 16.2, 29.6, 13, 62, 355.2
210.6, 17.55, 26.9, 12, 62, 295.9
211.2, 17.6, 26.8, 12, 62, 294.8
211.25, 16.25, 29.5, 13, 62, 354
211.8, 17.65, 26.7, 12, 62, 293.7
211.9, 16.3, 29.4, 13, 62, 352.8
212.4, 17.7, 26.6, 12, 62, 292.6
212.55, 16.35, 29.3, 13, 62, 351.6
213, 17.75, 26.5, 12, 62, 291.5
213.2, 16.4, 29.2, 13, 62, 350.4
213.6, 17.8, 26.4, 12, 62, 290.4
213.85, 16.45, 29.1, 13, 62, 349.2
214.2, 17.85, 26.3, 12, 62, 289.3
214.5, 16.5, 29, 13, 62, 348
214.8, 17.9, 26.2, 12, 62, 288.2
215.15, 16.55, 28.9, 13, 62, 346.8
215.4, 17.95, 26.1, 12, 62, 287.1
215.8, 16.6, 28.8, 13, 62, 345.6
216, 18, 26, 12, 62, 286
216.45, 16.65, 28.7, 13, 62, 344.4
216.6, 18.05, 25.9, 12, 62, 284.9
217, 15.5, 31, 14, 62, 403
217.1, 16.7, 28.6, 13, 62, 343.2
217.2, 18.1, 25.8, 12, 62, 283.8
217.7, 15.55, 30.9, 14, 62, 401.7
217.75, 16.75, 28.5, 13, 62, 342
217.8, 18.15, 25.7, 12, 62, 282.7
218.4, 18.2, 25.6, 12, 62, 281.6
218.4, 15.6, 30.8, 14, 62, 400.4
218.4, 16.8, 28.4, 13, 62, 340.8
219, 18.25, 25.5, 12, 62, 280.5
219.05, 16.85, 28.3, 13, 62, 339.6
219.1, 15.65, 30.7, 14, 62, 399.1
219.6, 18.3, 25.4, 12, 62, 279.4
219.7, 16.9, 28.2, 13, 62, 338.4
219.8, 15.7, 30.6, 14, 62, 397.8
220.2, 18.35, 25.3, 12, 62, 278.3
220.35, 16.95, 28.1, 13, 62, 337.2
220.5, 15.75, 30.5, 14, 62, 396.5
220.8, 18.4, 25.2, 12, 62, 277.2
221, 17, 28, 13, 62, 336
221.2, 15.8, 30.4, 14, 62, 395.2
221.4, 18.45, 25.1, 12, 62, 276.1
221.65, 17.05, 27.9, 13, 62, 334.8
221.9, 15.85, 30.3, 14, 62, 393.9
222, 18.5, 25, 12, 62, 275
222.3, 17.1, 27.8, 13, 62, 333.6
222.6, 15.9, 30.2, 14, 62, 392.6
222.95, 17.15, 27.7, 13, 62, 332.4
223.3, 15.95, 30.1, 14, 62, 391.3
223.6, 17.2, 27.6, 13, 62, 331.2
224, 16, 30, 14, 62, 390
224.25, 17.25, 27.5, 13, 62, 330
224.7, 16.05, 29.9, 14, 62, 388.7
224.9, 17.3, 27.4, 13, 62, 328.8
225.4, 16.1, 29.8, 14, 62, 387.4
225.55, 17.35, 27.3, 13, 62, 327.6
226.1, 16.15, 29.7, 14, 62, 386.1
226.2, 17.4, 27.2, 13, 62, 326.4
226.8, 16.2, 29.6, 14, 62, 384.8
226.85, 17.45, 27.1, 13, 62, 325.2
227.5, 17.5, 27, 13, 62, 324
227.5, 16.25, 29.5, 14, 62, 383.5
228.15, 17.55, 26.9, 13, 62, 322.8
228.2, 16.3, 29.4, 14, 62, 382.2
228.8, 17.6, 26.8, 13, 62, 321.6
228.9, 16.35, 29.3, 14, 62, 380.9
229.45, 17.65, 26.7, 13, 62, 320.4
229.6, 16.4, 29.2, 14, 62, 379.6
230.1, 17.7, 26.6, 13, 62, 319.2
230.3, 16.45, 29.1, 14, 62, 378.3
230.75, 17.75, 26.5, 13, 62, 318
231, 16.5, 29, 14, 62, 377
231.4, 17.8, 26.4, 13, 62, 316.8
231.7, 16.55, 28.9, 14, 62, 375.7
232.05, 17.85, 26.3, 13, 62, 315.6
232.4, 16.6, 28.8, 14, 62, 374.4
232.5, 15.5, 31, 15, 62, 434
232.7, 17.9, 26.2, 13, 62, 314.4
233.1, 16.65, 28.7, 14, 62, 373.1
233.25, 15.55, 30.9, 15, 62, 432.6
233.35, 17.95, 26.1, 13, 62, 313.2
233.8, 16.7, 28.6, 14, 62, 371.8
234, 18, 26, 13, 62, 312
234, 15.6, 30.8, 15, 62, 431.2
234.5, 16.75, 28.5, 14, 62, 370.5
234.65, 18.05, 25.9, 13, 62, 310.8
234.75, 15.65, 30.7, 15, 62, 429.8
235.2, 16.8, 28.4, 14, 62, 369.2
235.3, 18.1, 25.8, 13, 62, 309.6
235.5, 15.7, 30.6, 15, 62, 428.4
235.9, 16.85, 28.3, 14, 62, 367.9
235.95, 18.15, 25.7, 13, 62, 308.4
236.25, 15.75, 30.5, 15, 62, 427
236.6, 16.9, 28.2, 14, 62, 366.6
236.6, 18.2, 25.6, 13, 62, 307.2
237, 15.8, 30.4, 15, 62, 425.6
237.25, 18.25, 25.5, 13, 62, 306
237.3, 16.95, 28.1, 14, 62, 365.3
237.75, 15.85, 30.3, 15, 62, 424.2
237.9, 18.3, 25.4, 13, 62, 304.8
238, 17, 28, 14, 62, 364
238.5, 15.9, 30.2, 15, 62, 422.8
238.55, 18.35, 25.3, 13, 62, 303.6
238.7, 17.05, 27.9, 14, 62, 362.7
239.2, 18.4, 25.2, 13, 62, 302.4
239.25, 15.95, 30.1, 15, 62, 421.4
239.4, 17.1, 27.8, 14, 62, 361.4
239.85, 18.45, 25.1, 13, 62, 301.2
240, 16, 30, 15, 62, 420
240.1, 17.15, 27.7, 14, 62, 360.1
240.5, 18.5, 25, 13, 62, 300
240.75, 16.05, 29.9, 15, 62, 418.6
240.8, 17.2, 27.6, 14, 62, 358.8
241.5, 17.25, 27.5, 14, 62, 357.5
241.5, 16.1, 29.8, 15, 62, 417.2
242.2, 17.3, 27.4, 14, 62, 356.2
242.25, 16.15, 29.7, 15, 62, 415.8
242.9, 17.35, 27.3, 14, 62, 354.9
243, 16.2, 29.6, 15, 62, 414.4
243.6, 17.4, 27.2, 14, 62, 353.6
243.75, 16.25, 29.5, 15, 62, 413
244.3, 17.45, 27.1, 14, 62, 352.3
244.5, 16.3, 29.4, 15, 62, 411.6
245, 17.5, 27, 14, 62, 351
245.25, 16.35, 29.3, 15, 62, 410.2
245.7, 17.55, 26.9, 14, 62, 349.7
246, 16.4, 29.2, 15, 62, 408.8
246.4, 17.6, 26.8, 14, 62, 348.4
246.75, 16.45, 29.1, 15, 62, 407.4
247.1, 17.65, 26.7, 14, 62, 347.1
247.5, 16.5, 29, 15, 62, 406
247.8, 17.7, 26.6, 14, 62, 345.8
248, 15.5, 31, 16, 62, 465
248.25, 16.55, 28.9, 15, 62, 404.6
248.5, 17.75, 26.5, 14, 62, 344.5
248.8, 15.55, 30.9, 16, 62, 463.5
249, 16.6, 28.8, 15, 62, 403.2
249.2, 17.8, 26.4, 14, 62, 343.2
249.6, 15.6, 30.8, 16, 62, 462
249.75, 16.65, 28.7, 15, 62, 401.8
249.9, 17.85, 26.3, 14, 62, 341.9
250.4, 15.65, 30.7, 16, 62, 460.5
250.5, 16.7, 28.6, 15, 62, 400.4
250.6, 17.9, 26.2, 14, 62, 340.6
251.2, 15.7, 30.6, 16, 62, 459
251.25, 16.75, 28.5, 15, 62, 399
251.3, 17.95, 26.1, 14, 62, 339.3
252, 15.75, 30.5, 16, 62, 457.5
252, 18, 26, 14, 62, 338
252, 16.8, 28.4, 15, 62, 397.6
252.7, 18.05, 25.9, 14, 62, 336.7
252.75, 16.85, 28.3, 15, 62, 396.2
252.8, 15.8, 30.4, 16, 62, 456
253.4, 18.1, 25.8, 14, 62, 335.4
253.5, 16.9, 28.2, 15, 62, 394.8
253.6, 15.85, 30.3, 16, 62, 454.5
254.1, 18.15, 25.7, 14, 62, 334.1
254.25, 16.95, 28.1, 15, 62, 393.4
254.4, 15.9, 30.2, 16, 62, 453
254.8, 18.2, 25.6, 14, 62, 332.8
255, 17, 28, 15, 62, 392
255.2, 15.95, 30.1, 16, 62, 451.5
255.5, 18.25, 25.5, 14, 62, 331.5
255.75, 17.05, 27.9, 15, 62, 390.6
256, 16, 30, 16, 62, 450
256.2, 18.3, 25.4, 14, 62, 330.2
256.5, 17.1, 27.8, 15, 62, 389.2
256.8, 16.05, 29.9, 16, 62, 448.5
256.9, 18.35, 25.3, 14, 62, 328.9
257.25, 17.15, 27.7, 15, 62, 387.8
257.6, 16.1, 29.8, 16, 62, 447
257.6, 18.4, 25.2, 14, 62, 327.6
258, 17.2, 27.6, 15, 62, 386.4
258.3, 18.45, 25.1, 14, 62, 326.3
258.4, 16.15, 29.7, 16, 62, 445.5
258.75, 17.25, 27.5, 15, 62, 385
259, 18.5, 25, 14, 62, 325
259.2, 16.2, 29.6, 16, 62, 444
259.5, 17.3, 27.4, 15, 62, 383.6
260, 16.25, 29.5, 16, 62, 442.5
260.25, 17.35, 27.3, 15, 62, 382.2
260.8, 16.3, 29.4, 16, 62, 441
261, 17.4, 27.2, 15, 62, 380.8
261.6, 16.35, 29.3, 16, 62, 439.5
261.75, 17.45, 27.1, 15, 62, 379.4
262.4, 16.4, 29.2, 16, 62, 438
262.5, 17.5, 27, 15, 62, 378
263.2, 16.45, 29.1, 16, 62, 436.5
263.25, 17.55, 26.9, 15, 62, 376.6
263.5, 15.5, 31, 17, 62, 496
264, 16.5, 29, 16, 62, 435
264, 17.6, 26.8, 15, 62, 375.2
264.35, 15.55, 30.9, 17, 62, 494.4
264.75, 17.65, 26.7, 15, 62, 373.8
264.8, 16.55, 28.9, 16, 62, 433.5
265.2, 15.6, 30.8, 17, 62, 492.8
265.5, 17.7, 26.6, 15, 62, 372.4
265.6, 16.6, 28.8, 16, 62, 432
266.05, 15.65, 30.7, 17, 62, 491.2
266.25, 17.75, 26.5, 15, 62, 371
266.4, 16.65, 28.7, 16, 62, 430.5
266.9, 15.7, 30.6, 17, 62, 489.6
267, 17.8, 26.4, 15, 62, 369.6
267.2, 16.7, 28.6, 16, 62, 429
267.75, 17.85, 26.3, 15, 62, 368.2
267.75, 15.75, 30.5, 17, 62, 488
268, 16.75, 28.5, 16, 62, 427.5
268.5, 17.9, 26.2, 15, 62, 366.8
268.6, 15.8, 30.4, 17, 62, 486.4
268.8, 16.8, 28.4, 16, 62, 426
269.25, 17.95, 26.1, 15, 62, 365.4
269.45, 15.85, 30.3, 17, 62, 484.8
269.6, 16.85, 28.3, 16, 62, 424.5
270, 18, 26, 15, 62, 364
270.3, 15.9, 30.2, 17, 62, 483.2
270.4, 16.9, 28.2, 16, 62, 423
270.75, 18.05, 25.9, 15, 62, 362.6
271.15, 15.95, 30.1, 17, 62, 481.6
271.2, 16.95, 28.1, 16, 62, 421.5
271.5, 18.1, 25.8, 15, 62, 361.2
272, 16, 30, 17, 62, 480
272, 17, 28, 16, 62, 420
272.25, 18.15, 25.7, 15, 62, 359.8
272.8, 17.05, 27.9, 16, 62, 418.5
272.85, 16.05, 29.9, 17, 62, 478.4
273, 18.2, 25.6, 15, 62, 358.4
273.6, 17.1, 27.8, 16, 62, 417
273.7, 16.1, 29.8, 17, 62, 476.8
273.75, 18.25, 25.5, 15, 62, 357
274.4, 17.15, 27.7, 16, 62, 415.5
274.5, 18.3, 25.4, 15, 62, 355.6
274.55, 16.15, 29.7, 17, 62, 475.2
275.2, 17.2, 27.6, 16, 62, 414
275.25, 18.35, 25.3, 15, 62, 354.2
275.4, 16.2, 29.6, 17, 62, 473.6
276, 18.4, 25.2, 15, 62, 352.8
276, 17.25, 27.5, 16, 62, 412.5
276.25, 16.25, 29.5, 17, 62, 472
276.75, 18.45, 25.1, 15, 62, 351.4
276.8, 17.3, 27.4, 16, 62, 411
277.1, 16.3, 29.4, 17, 62, 470.4
277.5, 18.5, 25, 15, 62, 350
277.6, 17.35, 27.3, 16, 62, 409.5
277.95, 16.35, 29.3, 17, 62, 468.8
278.4, 17.4, 27.2, 16, 62, 408
278.8, 16.4, 29.2, 17, 62, 467.2
279, 15.5, 31, 18, 62, 527
279.2, 17.45, 27.1, 16, 62, 406.5
279.65, 16.45, 29.1, 17, 62, 465.6
279.9, 15.55, 30.9, 18, 62, 525.3
280, 17.5, 27, 16, 62, 405
280.5, 16.5, 29, 17, 62, 464
280.8, 15.6, 30.8, 18, 62, 523.6
280.8, 17.55, 26.9, 16, 62, 403.5
281.35, 16.55, 28.9, 17, 62, 462.4
281.6, 17.6, 26.8, 16, 62, 402
281.7, 15.65, 30.7, 18, 62, 521.9
282.2, 16.6, 28.8, 17, 62, 460.8
282.4, 17.65, 26.7, 16, 62, 400.5
282.6, 15.7, 30.6, 18, 62, 520.2
283.05, 16.65, 28.7, 17, 62, 459.2
283.2, 17.7, 26.6, 16, 62, 399
283.5, 15.75, 30.5, 18, 62, 518.5
283.9, 16.7, 28.6, 17, 62, 457.6
284, 17.75, 26.5, 16, 62, 397.5
284.4, 15.8, 30.4, 18, 62, 516.8
284.75, 16.75, 28.5, 17, 62, 456
284.8, 17.8, 26.4, 16, 62, 396
285.3, 15.85, 30.3, 18, 62, 515.1
285.6, 16.8, 28.4, 17, 62, 454.4
285.6, 17.85, 26.3, 16, 62, 394.5
286.2, 15.9, 30.2, 18, 62, 513.4
286.4, 17.9, 26.2, 16, 62, 393
286.45, 16.85, 28.3, 17, 62, 452.8
287.1, 15.95, 30.1, 18, 62, 511.7
287.2, 17.95, 26.1, 16, 62, 391.5
287.3, 16.9, 28.2, 17, 62, 451.2
288, 16, 30, 18, 62, 510
288, 18, 26, 16, 62, 390
288.15, 16.95, 28.1, 17, 62, 449.6
288.8, 18.05, 25.9, 16, 62, 388.5
288.9, 16.05, 29.9, 18, 62, 508.3
289, 17, 28, 17, 62, 448
289.6, 18.1, 25.8, 16, 62, 387
289.8, 16.1, 29.8, 18, 62, 506.6
289.85, 17.05, 27.9, 17, 62, 446.4
290.4, 18.15, 25.7, 16, 62, 385.5
290.7, 17.1, 27.8, 17, 62, 444.8
290.7, 16.15, 29.7, 18, 62, 504.9
291.2, 18.2, 25.6, 16, 62, 384
291.55, 17.15, 27.7, 17, 62, 443.2
291.6, 16.2, 29.6, 18, 62, 503.2
292, 18.25, 25.5, 16, 62, 382.5
292.4, 17.2, 27.6, 17, 62, 441.6
292.5, 16.25, 29.5, 18, 62, 501.5
292.8, 18.3, 25.4, 16, 62, 381
293.25, 17.25, 27.5, 17, 62, 440
293.4, 16.3, 29.4, 18, 62, 499.8
293.6, 18.35, 25.3, 16, 62, 379.5
294.1, 17.3, 27.4, 17, 62, 438.4
294.3, 16.35, 29.3, 18, 62, 498.1
294.4, 18.4, 25.2, 16, 62, 378
294.5, 15.5, 31, 19, 62, 558
294.95, 17.35, 27.3, 17, 62, 436.8
295.2, 18.45, 25.1, 16, 62, 376.5
295.2, 16.4, 29.2, 18, 62, 496.4
295.45, 15.55, 30.9, 19, 62, 556.2
295.8, 17.4, 27.2, 17, 62, 435.2
296, 18.5, 25, 16, 62, 375
296.1, 16.45, 29.1, 18, 62, 494.7
296.4, 15.6, 30.8, 19, 62, 554.4
296.65, 17.45, 27.1, 17, 62, 433.6
297, 16.5, 29, 18, 62, 493
297.35, 15.65, 30.7, 19, 62, 552.6
297.5, 17.5, 27, 17, 62, 432
297.9, 16.55, 28.9, 18, 62, 491.3
298.3, 15.7, 30.6, 19, 62, 550.8
298.35, 17.55, 26.9, 17, 62, 430.4
298.8, 16.6, 28.8, 18, 62, 489.6
299.2, 17.6, 26.8, 17, 62, 428.8
299.25, 15.75, 30.5, 19, 62, 549
299.7, 16.65, 28.7, 18, 62, 487.9
300.05, 17.65, 26.7, 17, 62, 427.2
300.2, 15.8, 30.4, 19, 62, 547.2
300.6, 16.7, 28.6, 18, 62, 486.2
300.9, 17.7, 26.6, 17, 62, 425.6
301.15, 15.85, 30.3, 19, 62, 545.4
301.5, 16.75, 28.5, 18, 62, 484.5
301.75, 17.75, 26.5, 17, 62, 424
302.1, 15.9, 30.2, 19, 62, 543.6
302.4, 16.8, 28.4, 18, 62, 482.8
302.6, 17.8, 26.4, 17, 62, 422.4
303.05, 15.95, 30.1, 19, 62, 541.8
303.3, 16.85, 28.3, 18, 62, 481.1
303.45, 17.85, 26.3, 17, 62, 420.8
304, 16, 30, 19, 62, 540
304.2, 16.9, 28.2, 18, 62, 479.4
304.3, 17.9, 26.2, 17, 62, 419.2
304.95, 16.05, 29.9, 19, 62, 538.2
305.1, 16.95, 28.1, 18, 62, 477.7
305.15, 17.95, 26.1, 17, 62, 417.6
305.9, 16.1, 29.8, 19, 62, 536.4
306, 17, 28, 18, 62, 476
306, 18, 26, 17, 62, 416
306.85, 16.15, 29.7, 19, 62, 534.6
306.85, 18.05, 25.9, 17, 62, 414.4
306.9, 17.05, 27.9, 18, 62, 474.3
307.7, 18.1, 25.8, 17, 62, 412.8
307.8, 16.2, 29.6, 19, 62, 532.8
307.8, 17.1, 27.8, 18, 62, 472.6
308.55, 18.15, 25.7, 17, 62, 411.2
308.7, 17.15, 27.7, 18, 62, 470.9
308.75, 16.25, 29.5, 19, 62, 531
309.4, 18.2, 25.6, 17, 62, 409.6
309.6, 17.2, 27.6, 18, 62, 469.2
309.7, 16.3, 29.4, 19, 62, 529.2
310, 15.5, 31, 20, 62, 589
310.25, 18.25, 25.5, 17, 62, 408
310.5, 17.25, 27.5, 18, 62, 467.5
310.65, 16.35, 29.3, 19, 62, 527.4
311, 15.55, 30.9, 20, 62, 587.1
311.1, 18.3, 25.4, 17, 62, 406.4
311.4, 17.3, 27.4, 18, 62, 465.8
311.6, 16.4, 29.2, 19, 62, 525.6
311.95, 18.35, 25.3, 17, 62, 404.8
312, 15.6, 30.8, 20, 62, 585.2
312.3, 17.35, 27.3, 18, 62, 464.1
312.55, 16.45, 29.1, 19, 62, 523.8
312.8, 18.4, 25.2, 17, 62, 403.2
313, 15.65, 30.7, 20, 62, 583.3
313.2, 17.4, 27.2, 18, 62, 462.4
313.5, 16.5, 29, 19, 62, 522
313.65, 18.45, 25.1, 17, 62, 401.6
314, 15.7, 30.6, 20, 62, 581.4
314.1, 17.45, 27.1, 18, 62, 460.7
314.45, 16.55, 28.9, 19, 62, 520.2
314.5, 18.5, 25, 17, 62, 400
315, 15.75, 30.5, 20, 62, 579.5
315, 17.5, 27, 18, 62, 459
315.4, 16.6, 28.8, 19, 62, 518.4
315.9, 17.55, 26.9, 18, 62, 457.3
316, 15.8, 30.4, 20, 62, 577.6
316.35, 16.65, 28.7, 19, 62, 516.6
316.8, 17.6, 26.8, 18, 62, 455.6
317, 15.85, 30.3, 20, 62, 575.7
317.3, 16.7, 28.6, 19, 62, 514.8
317.7, 17.65, 26.7, 18, 62, 453.9
318, 15.9, 30.2, 20, 62, 573.8
318.25, 16.75, 28.5, 19, 62, 513
318.6, 17.7, 26.6, 18, 62, 452.2
319, 15.95, 30.1, 20, 62, 571.9
319.2, 16.8, 28.4, 19, 62, 511.2
319.5, 17.75, 26.5, 18, 62, 450.5
320, 16, 30, 20, 62, 570
320.15, 16.85, 28.3, 19, 62, 509.4
320.4, 17.8, 26.4, 18, 62, 448.8
321, 16.05, 29.9, 20, 62, 568.1
321.1, 16.9, 28.2, 19, 62, 507.6
321.3, 17.85, 26.3, 18, 62, 447.1
322, 16.1, 29.8, 20, 62, 566.2
322.05, 16.95, 28.1, 19, 62, 505.8
322.2, 17.9, 26.2, 18, 62, 445.4
323, 17, 28, 19, 62, 504
323, 16.15, 29.7, 20, 62, 564.3
323.1, 17.95, 26.1, 18, 62, 443.7
323.95, 17.05, 27.9, 19, 62, 502.2
324, 16.2, 29.6, 20, 62, 562.4
324, 18, 26, 18, 62, 442
324.9, 18.05, 25.9, 18, 62, 440.3
324.9, 17.1, 27.8, 19, 62, 500.4
325, 16.25, 29.5, 20, 62, 560.5
325.8, 18.1, 25.8, 18, 62, 438.6
325.85, 17.15, 27.7, 19, 62, 498.6
326, 16.3, 29.4, 20, 62, 558.6
326.7, 18.15, 25.7, 18, 62, 436.9
326.8, 17.2, 27.6, 19, 62, 496.8
327, 16.35, 29.3, 20, 62, 556.7
327.6, 18.2, 25.6, 18, 62, 435.2
327.75, 17.25, 27.5, 19, 62, 495
328, 16.4, 29.2, 20, 62, 554.8
328.5, 18.25, 25.5, 18, 62, 433.5
328.7, 17.3, 27.4, 19, 62, 493.2
329, 16.45, 29.1, 20, 62, 552.9
329.4, 18.3, 25.4, 18, 62, 431.8
329.65, 17.35, 27.3, 19, 62, 491.4
330, 16.5, 29, 20, 62, 551
330.3, 18.35, 25.3, 18, 62, 430.1
330.6, 17.4, 27.2, 19, 62, 489.6
331, 16.55, 28.9, 20, 62, 549.1
331.2, 18.4, 25.2, 18, 62, 428.4
331.55, 17.45, 27.1, 19, 62, 487.8
332, 16.6, 28.8, 20, 62, 547.2
332.1, 18.45, 25.1, 18, 62, 426.7
332.5, 17.5, 27, 19, 62, 486
333, 16.65, 28.7, 20, 62, 545.3
333, 18.5, 25, 18, 62, 425
333.45, 17.55, 26.9, 19, 62, 484.2
334, 16.7, 28.6, 20, 62, 543.4
334.4, 17.6, 26.8, 19, 62, 482.4
335, 16.75, 28.5, 20, 62, 541.5
335.35, 17.65, 26.7, 19, 62, 480.6
336, 16.8, 28.4, 20, 62, 539.6
336.3, 17.7, 26.6, 19, 62, 478.8
337, 16.85, 28.3, 20, 62, 537.7
337.25, 17.75, 26.5, 19, 62, 477
338, 16.9, 28.2, 20, 62, 535.8
338.2, 17.8, 26.4, 19, 62, 475.2
339, 16.95, 28.1, 20, 62, 533.9
339.15, 17.85, 26.3, 19, 62, 473.4
340, 17, 28, 20, 62, 532
340.1, 17.9, 26.2, 19, 62, 471.6
341, 17.05, 27.9, 20, 62, 530.1
341.05, 17.95, 26.1, 19, 62, 469.8
342, 18, 26, 19, 62, 468
342, 17.1, 27.8, 20, 62, 528.2
342.95, 18.05, 25.9, 19, 62, 466.2
343, 17.15, 27.7, 20, 62, 526.3
343.9, 18.1, 25.8, 19, 62, 464.4
344, 17.2, 27.6, 20, 62, 524.4
344.85, 18.15, 25.7, 19, 62, 462.6
345, 17.25, 27.5, 20, 62, 522.5
345.8, 18.2, 25.6, 19, 62, 460.8
346, 17.3, 27.4, 20, 62, 520.6
346.75, 18.25, 25.5, 19, 62, 459
347, 17.35, 27.3, 20, 62, 518.7
347.7, 18.3, 25.4, 19, 62, 457.2
348, 17.4, 27.2, 20, 62, 516.8
348.65, 18.35, 25.3, 19, 62, 455.4
349, 17.45, 27.1, 20, 62, 514.9
349.6, 18.4, 25.2, 19, 62, 453.6
350, 17.5, 27, 20, 62, 513
350.55, 18.45, 25.1, 19, 62, 451.8
351, 17.55, 26.9, 20, 62, 511.1
351.5, 18.5, 25, 19, 62, 450
352, 17.6, 26.8, 20, 62, 509.2
353, 17.65, 26.7, 20, 62, 507.3
354, 17.7, 26.6, 20, 62, 505.4
355, 17.75, 26.5, 20, 62, 503.5
356, 17.8, 26.4, 20, 62, 501.6
357, 17.85, 26.3, 20, 62, 499.7
358, 17.9, 26.2, 20, 62, 497.8
359, 17.95, 26.1, 20, 62, 495.9
360, 18, 26, 20, 62, 494
361, 18.05, 25.9, 20, 62, 492.1
362, 18.1, 25.8, 20, 62, 490.2
363, 18.15, 25.7, 20, 62, 488.3
364, 18.2, 25.6, 20, 62, 486.4
365, 18.25, 25.5, 20, 62, 484.5
366, 18.3, 25.4, 20, 62, 482.6
367, 18.35, 25.3, 20, 62, 480.7
368, 18.4, 25.2, 20, 62, 478.8
369, 18.45, 25.1, 20, 62, 476.9
370, 18.5, 25, 20, 62, 475
